DROP DATABASE IF EXISTS student_information_msdb;
CREATE DATABASE student_information_msdb;
USE student_information_msdb;

-- =======================================
-- Table Definitions
-- =======================================

CREATE TABLE departments (
  department_id INT PRIMARY KEY AUTO_INCREMENT,
  department_name VARCHAR(100) UNIQUE NOT NULL
);

CREATE TABLE students (
  student_id INT PRIMARY KEY AUTO_INCREMENT,
  roll_number VARCHAR(20) UNIQUE NOT NULL,
  first_name VARCHAR(50) NOT NULL,
  last_name VARCHAR(50) NOT NULL,
  dob DATE NOT NULL,
  contact_number VARCHAR(15),
  email VARCHAR(100) UNIQUE NOT NULL,
  address TEXT,
  department_id INT,
  FOREIGN KEY (department_id) REFERENCES departments(department_id)
);

CREATE TABLE courses (
  course_code VARCHAR(10) PRIMARY KEY,
  course_name VARCHAR(100) NOT NULL,
  department_id INT,
  FOREIGN KEY (department_id) REFERENCES departments(department_id)
);

CREATE TABLE enrollments (
  enrollment_id INT PRIMARY KEY AUTO_INCREMENT,
  student_id INT,
  course_code VARCHAR(10),
  semester VARCHAR(20),
  FOREIGN KEY (student_id) REFERENCES students(student_id),
  FOREIGN KEY (course_code) REFERENCES courses(course_code)
);

CREATE TABLE grades (
  grade_id INT PRIMARY KEY AUTO_INCREMENT,
  student_id INT,
  course_code VARCHAR(10),
  semester VARCHAR(20),
  grade VARCHAR(2) NOT NULL,
  FOREIGN KEY (student_id) REFERENCES students(student_id),
  FOREIGN KEY (course_code) REFERENCES courses(course_code)
);

CREATE TABLE attendance (
  attendance_id INT PRIMARY KEY AUTO_INCREMENT,
  student_id INT,
  course_code VARCHAR(10),
  attendance_percentage DECIMAL(5,2),
  FOREIGN KEY (student_id) REFERENCES students(student_id),
  FOREIGN KEY (course_code) REFERENCES courses(course_code)
);

CREATE TABLE academic_info (
  academic_id INT PRIMARY KEY AUTO_INCREMENT,
  student_id INT,
  semester VARCHAR(20),
  cgpa DECIMAL(3,2) NOT NULL,
  FOREIGN KEY (student_id) REFERENCES students(student_id)
);

-- Value Insertion 

INSERT INTO departments (department_id, department_name) VALUES
(1, 'Computer Science'),
(2, 'Electrical Engineering'),
(3, 'Mechanical Engineering'),
(4, 'Civil Engineering'),
(5, 'Business Administration');

INSERT INTO students (student_id, roll_number, first_name, last_name, dob, contact_number, email, address, department_id) VALUES
(1, 'R001', 'Sadia', 'Haque', '2001-02-12', '01717488581', 'sadia.haque1@example.com', 'Address 1', 2),
(2, 'R002', 'Mitu', 'Islam', '2002-03-13', '01718598661', 'mitu.islam2@example.com', 'Address 2', 2),
(3, 'R003', 'Rafi', 'Haque', '2003-04-14', '01715893333', 'rafi.haque3@example.com', 'Address 3', 2),
(4, 'R004', 'Fahim', 'Islam', '2004-05-15', '01719104694', 'fahim.islam4@example.com', 'Address 4', 2),
(5, 'R005', 'Fahim', 'Khan', '2005-06-16', '01717362073', 'fahim.khan5@example.com', 'Address 5', 1),
(6, 'R006', 'Sara', 'Ahmed', '2006-07-17', '01712938699', 'sara.ahmed6@example.com', 'Address 6', 2),
(7, 'R007', 'Fahim', 'Ahmed', '2007-08-18', '01714344724', 'fahim.ahmed7@example.com', 'Address 7', 5),
(8, 'R008', 'Fahim', 'Akter', '2008-09-11', '01713866242', 'fahim.akter8@example.com', 'Address 8', 5),
(9, 'R009', 'Amin', 'Chowdhury', '2009-01-12', '01715975481', 'amin.chowdhury9@example.com', 'Address 9', 4),
(10, 'R010', 'Rahim', 'Ahmed', '2000-02-13', '01714207748', 'rahim.ahmed10@example.com', 'Address 10', 5),
(11, 'R011', 'Nadia', 'Rahman', '2001-03-14', '01718353552', 'nadia.rahman11@example.com', 'Address 11', 3),
(12, 'R012', 'Rafi', 'Rahman', '2002-04-15', '01718347259', 'rafi.rahman12@example.com', 'Address 12', 5),
(13, 'R013', 'Sara', 'Sultana', '2003-05-16', '01711871365', 'sara.sultana13@example.com', 'Address 13', 3),
(14, 'R014', 'Sadia', 'Miah', '2004-06-17', '01711424830', 'sadia.miah14@example.com', 'Address 14', 1),
(15, 'R015', 'Rafi', 'Sultana', '2005-07-18', '01717046413', 'rafi.sultana15@example.com', 'Address 15', 3),
(16, 'R016', 'Sara', 'Islam', '2006-08-11', '01718322895', 'sara.islam16@example.com', 'Address 16', 1),
(17, 'R017', 'Sadia', 'Miah', '2007-09-12', '01712437860', 'sadia.miah17@example.com', 'Address 17', 2),
(18, 'R018', 'Rafi', 'Islam', '2008-01-13', '01713138804', 'rafi.islam18@example.com', 'Address 18', 1),
(19, 'R019', 'Sadia', 'Khan', '2009-02-14', '01711091876', 'sadia.khan19@example.com', 'Address 19', 5),
(20, 'R020', 'Amin', 'Karim', '2000-03-15', '01716649665', 'amin.karim20@example.com', 'Address 20', 2);

INSERT INTO courses (course_code, course_name, department_id) VALUES
('CS101', 'Intro to Programming', 1),
('CS102', 'Data Structures', 1),
('EE101', 'Circuit Analysis', 2),
('EE102', 'Electromagnetics', 2),
('ME101', 'Thermodynamics', 3),
('ME102', 'Fluid Mechanics', 3),
('CE101', 'Structural Analysis', 4),
('CE102', 'Surveying', 4),
('BA101', 'Principles of Management', 5),
('BA102', 'Financial Accounting', 5);

INSERT INTO enrollments (enrollment_id, student_id, course_code, semester) VALUES
(1, 1, 'EE101', 'Spring 2025'),
(2, 1, 'EE102', 'Spring 2025'),
(3, 1, 'EE101', 'Summer 2025'),
(4, 1, 'EE102', 'Summer 2025'),
(5, 2, 'EE101', 'Spring 2025'),
(6, 2, 'EE102', 'Spring 2025'),
(7, 2, 'EE101', 'Summer 2025'),
(8, 2, 'EE102', 'Summer 2025'),
(9, 3, 'EE102', 'Spring 2025'),
(10, 3, 'EE101', 'Spring 2025'),
(11, 3, 'EE102', 'Summer 2025'),
(12, 3, 'EE101', 'Summer 2025'),
(13, 4, 'EE102', 'Spring 2025'),
(14, 4, 'EE101', 'Spring 2025'),
(15, 4, 'EE102', 'Summer 2025'),
(16, 4, 'EE101', 'Summer 2025'),
(17, 5, 'CS101', 'Spring 2025'),
(18, 5, 'CS102', 'Spring 2025'),
(19, 5, 'CS101', 'Summer 2025'),
(20, 5, 'CS102', 'Summer 2025'),
(21, 6, 'EE102', 'Spring 2025'),
(22, 6, 'EE101', 'Spring 2025'),
(23, 6, 'EE102', 'Summer 2025'),
(24, 6, 'EE101', 'Summer 2025'),
(25, 7, 'BA102', 'Spring 2025'),
(26, 7, 'BA101', 'Spring 2025'),
(27, 7, 'BA102', 'Summer 2025'),
(28, 7, 'BA101', 'Summer 2025'),
(29, 8, 'BA101', 'Spring 2025'),
(30, 8, 'BA102', 'Spring 2025'),
(31, 8, 'BA101', 'Summer 2025'),
(32, 8, 'BA102', 'Summer 2025'),
(33, 9, 'CE101', 'Spring 2025'),
(34, 9, 'CE102', 'Spring 2025'),
(35, 9, 'CE101', 'Summer 2025'),
(36, 9, 'CE102', 'Summer 2025'),
(37, 10, 'BA101', 'Spring 2025'),
(38, 10, 'BA102', 'Spring 2025'),
(39, 10, 'BA101', 'Summer 2025'),
(40, 10, 'BA102', 'Summer 2025'),
(41, 11, 'ME102', 'Spring 2025'),
(42, 11, 'ME101', 'Spring 2025'),
(43, 11, 'ME102', 'Summer 2025'),
(44, 11, 'ME101', 'Summer 2025'),
(45, 12, 'BA102', 'Spring 2025'),
(46, 12, 'BA101', 'Spring 2025'),
(47, 12, 'BA102', 'Summer 2025'),
(48, 12, 'BA101', 'Summer 2025'),
(49, 13, 'ME101', 'Spring 2025'),
(50, 13, 'ME102', 'Spring 2025'),
(51, 13, 'ME101', 'Summer 2025'),
(52, 13, 'ME102', 'Summer 2025'),
(53, 14, 'CS102', 'Spring 2025'),
(54, 14, 'CS101', 'Spring 2025'),
(55, 14, 'CS102', 'Summer 2025'),
(56, 14, 'CS101', 'Summer 2025'),
(57, 15, 'ME102', 'Spring 2025'),
(58, 15, 'ME101', 'Spring 2025'),
(59, 15, 'ME102', 'Summer 2025'),
(60, 15, 'ME101', 'Summer 2025'),
(61, 16, 'CS101', 'Spring 2025'),
(62, 16, 'CS102', 'Spring 2025'),
(63, 16, 'CS101', 'Summer 2025'),
(64, 16, 'CS102', 'Summer 2025'),
(65, 17, 'EE102', 'Spring 2025'),
(66, 17, 'EE101', 'Spring 2025'),
(67, 17, 'EE102', 'Summer 2025'),
(68, 17, 'EE101', 'Summer 2025'),
(69, 18, 'CS101', 'Spring 2025'),
(70, 18, 'CS102', 'Spring 2025'),
(71, 18, 'CS101', 'Summer 2025'),
(72, 18, 'CS102', 'Summer 2025'),
(73, 19, 'BA101', 'Spring 2025'),
(74, 19, 'BA102', 'Spring 2025'),
(75, 19, 'BA101', 'Summer 2025'),
(76, 19, 'BA102', 'Summer 2025'),
(77, 20, 'EE102', 'Spring 2025'),
(78, 20, 'EE101', 'Spring 2025'),
(79, 20, 'EE102', 'Summer 2025'),
(80, 20, 'EE101', 'Summer 2025');

INSERT INTO grades (grade_id, student_id, course_code, semester, grade) VALUES
(1, 1, 'EE101', 'Spring 2025', 'F'),
(2, 1, 'EE102', 'Spring 2025', 'A'),
(3, 1, 'EE101', 'Summer 2025', 'F'),
(4, 1, 'EE102', 'Summer 2025', 'B'),
(5, 2, 'EE101', 'Spring 2025', 'B'),
(6, 2, 'EE102', 'Spring 2025', 'D'),
(7, 2, 'EE101', 'Summer 2025', 'D'),
(8, 2, 'EE102', 'Summer 2025', 'F'),
(9, 3, 'EE102', 'Spring 2025', 'D'),
(10, 3, 'EE101', 'Spring 2025', 'D'),
(11, 3, 'EE102', 'Summer 2025', 'B'),
(12, 3, 'EE101', 'Summer 2025', 'C'),
(13, 4, 'EE102', 'Spring 2025', 'B'),
(14, 4, 'EE101', 'Spring 2025', 'D'),
(15, 4, 'EE102', 'Summer 2025', 'B'),
(16, 4, 'EE101', 'Summer 2025', 'C'),
(17, 5, 'CS101', 'Spring 2025', 'D'),
(18, 5, 'CS102', 'Spring 2025', 'C'),
(19, 5, 'CS101', 'Summer 2025', 'F'),
(20, 5, 'CS102', 'Summer 2025', 'D'),
(21, 6, 'EE102', 'Spring 2025', 'C'),
(22, 6, 'EE101', 'Spring 2025', 'F'),
(23, 6, 'EE102', 'Summer 2025', 'C'),
(24, 6, 'EE101', 'Summer 2025', 'C'),
(25, 7, 'BA102', 'Spring 2025', 'B'),
(26, 7, 'BA101', 'Spring 2025', 'D'),
(27, 7, 'BA102', 'Summer 2025', 'A'),
(28, 7, 'BA101', 'Summer 2025', 'F'),
(29, 8, 'BA101', 'Spring 2025', 'B'),
(30, 8, 'BA102', 'Spring 2025', 'D'),
(31, 8, 'BA101', 'Summer 2025', 'A'),
(32, 8, 'BA102', 'Summer 2025', 'D'),
(33, 9, 'CE101', 'Spring 2025', 'D'),
(34, 9, 'CE102', 'Spring 2025', 'A'),
(35, 9, 'CE101', 'Summer 2025', 'C'),
(36, 9, 'CE102', 'Summer 2025', 'B'),
(37, 10, 'BA101', 'Spring 2025', 'C'),
(38, 10, 'BA102', 'Spring 2025', 'D'),
(39, 10, 'BA101', 'Summer 2025', 'A'),
(40, 10, 'BA102', 'Summer 2025', 'B'),
(41, 11, 'ME102', 'Spring 2025', 'B'),
(42, 11, 'ME101', 'Spring 2025', 'F'),
(43, 11, 'ME102', 'Summer 2025', 'D'),
(44, 11, 'ME101', 'Summer 2025', 'C'),
(45, 12, 'BA102', 'Spring 2025', 'B'),
(46, 12, 'BA101', 'Spring 2025', 'D'),
(47, 12, 'BA102', 'Summer 2025', 'C'),
(48, 12, 'BA101', 'Summer 2025', 'B'),
(49, 13, 'ME101', 'Spring 2025', 'C'),
(50, 13, 'ME102', 'Spring 2025', 'F'),
(51, 13, 'ME101', 'Summer 2025', 'D'),
(52, 13, 'ME102', 'Summer 2025', 'F'),
(53, 14, 'CS102', 'Spring 2025', 'B'),
(54, 14, 'CS101', 'Spring 2025', 'A'),
(55, 14, 'CS102', 'Summer 2025', 'C'),
(56, 14, 'CS101', 'Summer 2025', 'F'),
(57, 15, 'ME102', 'Spring 2025', 'D'),
(58, 15, 'ME101', 'Spring 2025', 'B'),
(59, 15, 'ME102', 'Summer 2025', 'F'),
(60, 15, 'ME101', 'Summer 2025', 'B'),
(61, 16, 'CS101', 'Spring 2025', 'F'),
(62, 16, 'CS102', 'Spring 2025', 'B'),
(63, 16, 'CS101', 'Summer 2025', 'D'),
(64, 16, 'CS102', 'Summer 2025', 'A'),
(65, 17, 'EE102', 'Spring 2025', 'A'),
(66, 17, 'EE101', 'Spring 2025', 'F'),
(67, 17, 'EE102', 'Summer 2025', 'B'),
(68, 17, 'EE101', 'Summer 2025', 'D'),
(69, 18, 'CS101', 'Spring 2025', 'F'),
(70, 18, 'CS102', 'Spring 2025', 'D'),
(71, 18, 'CS101', 'Summer 2025', 'B'),
(72, 18, 'CS102', 'Summer 2025', 'F'),
(73, 19, 'BA101', 'Spring 2025', 'B'),
(74, 19, 'BA102', 'Spring 2025', 'B'),
(75, 19, 'BA101', 'Summer 2025', 'C'),
(76, 19, 'BA102', 'Summer 2025', 'D'),
(77, 20, 'EE102', 'Spring 2025', 'D'),
(78, 20, 'EE101', 'Spring 2025', 'F'),
(79, 20, 'EE102', 'Summer 2025', 'C'),
(80, 20, 'EE101', 'Summer 2025', 'C');

INSERT INTO attendance (attendance_id, student_id, course_code, attendance_percentage) VALUES
(1, 1, 'EE101', 81.13),
(2, 1, 'EE102', 73.75),
(3, 1, 'EE101', 62.9),
(4, 1, 'EE102', 95.48),
(5, 2, 'EE101', 86.15),
(6, 2, 'EE102', 65.59),
(7, 2, 'EE101', 72.16),
(8, 2, 'EE102', 58.23),
(9, 3, 'EE102', 76.47),
(10, 3, 'EE101', 78.55),
(11, 3, 'EE102', 67.79),
(12, 3, 'EE101', 56.11),
(13, 4, 'EE102', 62.2),
(14, 4, 'EE101', 77.21),
(15, 4, 'EE102', 70.89),
(16, 4, 'EE101', 94.02),
(17, 5, 'CS101', 62.55),
(18, 5, 'CS102', 77.31),
(19, 5, 'CS101', 71.01),
(20, 5, 'CS102', 70.0),
(21, 6, 'EE102', 59.65),
(22, 6, 'EE101', 96.85),
(23, 6, 'EE102', 96.51),
(24, 6, 'EE101', 86.43),
(25, 7, 'BA102', 77.76),
(26, 7, 'BA101', 94.92),
(27, 7, 'BA102', 54.66),
(28, 7, 'BA101', 71.88),
(29, 8, 'BA101', 83.88),
(30, 8, 'BA102', 51.67),
(31, 8, 'BA101', 99.79),
(32, 8, 'BA102', 95.42),
(33, 9, 'CE101', 96.71),
(34, 9, 'CE102', 82.53),
(35, 9, 'CE101', 61.36),
(36, 9, 'CE102', 71.41),
(37, 10, 'BA101', 80.07),
(38, 10, 'BA102', 67.41),
(39, 10, 'BA101', 81.99),
(40, 10, 'BA102', 59.13),
(41, 11, 'ME102', 54.02),
(42, 11, 'ME101', 90.78),
(43, 11, 'ME102', 85.8),
(44, 11, 'ME101', 57.79),
(45, 12, 'BA102', 78.32),
(46, 12, 'BA101', 61.39),
(47, 12, 'BA102', 65.89),
(48, 12, 'BA101', 64.05),
(49, 13, 'ME101', 80.84),
(50, 13, 'ME102', 54.57),
(51, 13, 'ME101', 56.68),
(52, 13, 'ME102', 65.37),
(53, 14, 'CS102', 83.03),
(54, 14, 'CS101', 63.36),
(55, 14, 'CS102', 64.25),
(56, 14, 'CS101', 64.51),
(57, 15, 'ME102', 71.79),
(58, 15, 'ME101', 59.8),
(59, 15, 'ME102', 82.54),
(60, 15, 'ME101', 82.72),
(61, 16, 'CS101', 87.71),
(62, 16, 'CS102', 75.57),
(63, 16, 'CS101', 75.55),
(64, 16, 'CS102', 74.71),
(65, 17, 'EE102', 74.48),
(66, 17, 'EE101', 55.76),
(67, 17, 'EE102', 67.56),
(68, 17, 'EE101', 99.89),
(69, 18, 'CS101', 54.41),
(70, 18, 'CS102', 66.56),
(71, 18, 'CS101', 55.19),
(72, 18, 'CS102', 95.58),
(73, 19, 'BA101', 51.41),
(74, 19, 'BA102', 51.65),
(75, 19, 'BA101', 58.13),
(76, 19, 'BA102', 72.54),
(77, 20, 'EE102', 88.22),
(78, 20, 'EE101', 62.11),
(79, 20, 'EE102', 60.36),
(80, 20, 'EE101', 83.88);

INSERT INTO academic_info (academic_id, student_id, semester, cgpa) VALUES
(1, 1, 'Spring 2025', 2.15),
(2, 1, 'Summer 2025', 2.43),
(3, 2, 'Spring 2025', 2.8),
(4, 2, 'Summer 2025', 3.22),
(5, 3, 'Spring 2025', 3.75),
(6, 3, 'Summer 2025', 2.04),
(7, 4, 'Spring 2025', 2.42),
(8, 4, 'Summer 2025', 2.74),
(9, 5, 'Spring 2025', 3.81),
(10, 5, 'Summer 2025', 3.47),
(11, 6, 'Spring 2025', 2.64),
(12, 6, 'Summer 2025', 2.34),
(13, 7, 'Spring 2025', 3.47),
(14, 7, 'Summer 2025', 2.16),
(15, 8, 'Spring 2025', 3.26),
(16, 8, 'Summer 2025', 3.38),
(17, 9, 'Spring 2025', 2.45),
(18, 9, 'Summer 2025', 3.91),
(19, 10, 'Spring 2025', 3.92),
(20, 10, 'Summer 2025', 2.67),
(21, 11, 'Spring 2025', 3.85),
(22, 11, 'Summer 2025', 3.92),
(23, 12, 'Spring 2025', 3.7),
(24, 12, 'Summer 2025', 2.59),
(25, 13, 'Spring 2025', 3.0),
(26, 13, 'Summer 2025', 3.66),
(27, 14, 'Spring 2025', 2.62),
(28, 14, 'Summer 2025', 2.32),
(29, 15, 'Spring 2025', 2.8),
(30, 15, 'Summer 2025', 2.01),
(31, 16, 'Spring 2025', 3.25),
(32, 16, 'Summer 2025', 2.64),
(33, 17, 'Spring 2025', 3.62),
(34, 17, 'Summer 2025', 2.55),
(35, 18, 'Spring 2025', 2.63),
(36, 18, 'Summer 2025', 2.35),
(37, 19, 'Spring 2025', 3.4),
(38, 19, 'Summer 2025', 3.38),
(39, 20, 'Spring 2025', 3.43),
(40, 20, 'Summer 2025', 2.78);